,CountryCode,Deforestation,Alpha2Code,latitude,longitude,name
0,AFG,0.5271287468454743,AF,33.93911,67.709953,Afghanistan
1,ALB,0.5442503334161697,AL,41.153332,20.168331,Albania
2,DZA,0.5206272538691104,DZ,28.033886,1.659626,Algeria
3,ASM,0.602083963242377,AS,-14.270972,-170.132217,American Samoa
4,ADO,0.5271287468454743,AD,42.546245,1.601554,Andorra
5,AGO,0.5712660269417942,AO,-11.202692,17.873887,Angola
6,ATG,0.5271287468454743,AG,17.060816,-61.796428,Antigua and Barbuda
7,ARG,0.5763129555528281,AR,-38.416097,-63.616672,Argentina
8,ARM,0.5265092694480407,AM,40.069099,45.038189,Armenia
9,ABW,0.5271287468454743,AW,12.52111,-69.968338,Aruba
10,AUS,0.5368626613218481,AU,-25.274398,133.775136,Australia
11,AUT,0.5151672312404824,AT,47.516231,14.550072,Austria
12,AZE,0.3876630418690012,AZ,40.143105,47.576927,Azerbaijan
13,BHR,0.5187052886077942,BH,25.930414,50.637772,Bahrain
14,BGD,0.5359354910863499,BD,23.684994,90.356331,Bangladesh
15,BRB,0.5271287468454743,BB,13.193887,-59.543198,Barbados
16,BLR,0.4843297692980183,BY,53.709807,27.953389,Belarus
17,BEL,0.5151303207224115,BE,50.503887,4.469936,Belgium
18,BLZ,0.6242030684137345,BZ,17.189877,-88.49765,Belize
19,BEN,0.7226382527114033,BJ,9.30769,2.315834,Benin
20,BMU,0.5271287468454743,BM,32.321384,-64.75737,Bermuda
21,BTN,0.41226486816524704,BT,27.514162,90.433601,Bhutan
22,BOL,0.6799199905691569,BO,-16.290154,-63.588653,Bolivia
23,BIH,0.5271287468454743,BA,43.915886,17.679076,Bosnia and Herzegovina
24,BWA,0.6116812302670296,BW,-22.328474,24.684866,Botswana
25,BRA,0.593200236599098,BR,-14.235004,-51.92528,Brazil
26,BRN,0.5873673402217177,BN,4.535277,114.727669,Brunei
27,BGR,0.455886899420439,BG,42.733883,25.48583,Bulgaria
28,BFA,0.6236268195545981,BF,12.238333,-1.561593,Burkina Faso
29,BDI,0.3808445147349707,BI,-3.373056,29.918886,Burundi
30,CPV,0.4507621710973498,CV,16.002082,-24.013197,Cape Verde
31,KHM,0.8453494640101749,KH,12.565679,104.990963,Cambodia
32,CMR,0.7323303890327503,CM,7.369722,12.354722,Cameroon
33,CAN,0.5295472565647036,CA,56.130366,-106.346771,Canada
34,CYM,0.5271287468454743,KY,19.513469,-80.566956,Cayman Islands
35,CAF,0.5381696203679183,CF,6.611111,20.939444,Central African Republic
36,TCD,0.5714581548535828,TD,15.454166,18.732207,Chad
37,CHI,0.5194731759262547,,-22.95764,18.49041,Namibia
38,KSV,,,-22.95764,18.49041,Namibia
39,NAM,0.5668665638869292,,-22.95764,18.49041,Namibia
40,CHL,0.4111383252359103,CL,-35.675147,-71.542969,Chile
41,CHN,0.4552433542573996,CN,35.86166,104.195397,China
42,COL,0.5832866422934107,CO,4.570868,-74.297333,Colombia
43,COM,0.6408516152290523,KM,-11.875001,43.872219,Comoros
44,COG,0.5452558890074255,CG,-0.228021,15.827659,Congo [Republic]
45,CRI,0.2919060452197502,CR,9.748917,-83.753428,Costa Rica
46,CIV,0.5276833544399759,CI,7.539989,-5.54708,C?te d'Ivoire
47,HRV,0.5145222268275002,HR,45.1,15.2,Croatia
48,CUB,0.316250602811617,CU,21.521757,-77.781167,Cuba
49,CYP,0.5279876683473522,CY,35.126413,33.429859,Cyprus
50,CZE,0.5149262963047292,CZ,49.817492,15.472962,Czech Republic
51,PRK,0.9915869288307063,KP,40.339852,127.510093,North Korea
52,ZAR,0.5876921750528895,CD,-4.038333,21.758664,Congo [DRC]
53,DNK,0.47138852686336163,DK,56.26392,9.501785,Denmark
54,DJI,0.5271287468454743,DJ,11.825138,42.590275,Djibouti
55,DMA,0.6835059041911654,DM,15.414999,-61.370976,Dominica
56,DOM,0.2249135190667771,DO,18.735693,-70.162651,Dominican Republic
57,ECU,0.6669086185266727,EC,-1.831239,-78.183406,Ecuador
58,EGY,0.5268629898284696,EG,26.820553,30.802498,Egypt
59,SLV,0.6207589285813309,SV,13.794185,-88.89653,El Salvador
60,GNQ,0.7107246213376224,GQ,1.650801,10.267895,Equatorial Guinea
61,ERI,0.5463368395738664,ER,15.179384,39.782334,Eritrea
62,EST,0.544603007360129,EE,58.595272,25.013607,Estonia
63,ETH,0.5412203275280919,ET,9.145,40.489673,Ethiopia
64,FRO,0.5271287468454743,FO,61.892635,-6.911806,Faroe Islands
65,FJI,0.46515476323131094,FJ,-16.578193,179.414413,Fiji
66,FIN,0.5182115034189954,FI,61.92411,25.748151,Finland
67,FRA,0.4362658281611384,FR,46.227638,2.213749,France
68,PYF,0.2861926607094957,PF,-17.679742,-149.406843,French Polynesia
69,GAB,0.32179027315641373,GA,-0.803689,11.609444,Gabon
70,GEO,0.501799565003277,GE,42.315407,43.356892,Georgia
71,DEU,0.5223361382667261,DE,51.165691,10.451526,Germany
72,GHA,0.47209697103172693,GH,7.946527,-1.023194,Ghana
73,GRC,0.4238271662683567,GR,39.074208,21.824312,Greece
74,GRL,0.5271287468454743,GL,71.706936,-42.604303,Greenland
75,GRD,0.5271287468454743,GD,12.262776,-61.604171,Grenada
76,GUM,0.5271287468454743,GU,13.444304,144.793731,Guam
77,GTM,0.6880891614781658,GT,15.783471,-90.230759,Guatemala
78,GIN,0.5917261314891201,GN,9.945587,-9.696645,Guinea
79,GNB,0.6839257019055194,GW,11.803749,-15.180413,Guinea-Bissau
80,GUY,0.5452266759490678,GY,4.860416,-58.93018,Guyana
81,HTI,0.539927383641667,HT,18.971187,-72.285215,Haiti
82,HND,1.0,HN,15.199999,-86.241905,Honduras
83,HKG,,HK,22.396428,114.109497,Hong Kong
84,HUN,0.5093490079452512,HU,47.162494,19.503304,Hungary
85,ISL,0.5215167265361037,IS,64.963051,-19.020835,Iceland
86,IND,0.4865667464175761,IN,20.593684,78.96288,India
87,IDN,0.6937613926070008,ID,-0.789275,113.921327,Indonesia
88,IRN,0.5271287468454743,IR,32.427908,53.688046,Iran
89,IRQ,0.5259606525441823,IQ,33.223191,43.679291,Iraq
90,IRL,0.48957209559267223,IE,53.41291,-8.24389,Ireland
91,IMY,0.5271287468454743,IM,54.236107,-4.548056,Isle of Man
92,ISR,0.5018638592918815,IL,31.046051,34.851612,Israel
93,ITA,0.44648306307437646,IT,41.87194,12.56738,Italy
94,JAM,0.5432507748141703,JM,18.109581,-77.297508,Jamaica
95,JPN,0.526283975190285,JP,36.204824,138.252924,Japan
96,JOR,0.5277214000977491,JO,30.585164,36.238414,Jordan
97,KAZ,0.5274945820139327,KZ,48.019573,66.923684,Kazakhstan
98,KEN,0.4987747088632283,KE,-0.023559,37.906193,Kenya
99,KIR,0.5271287468454743,KI,-3.370417,-168.734039,Kiribati
100,KOR,0.5850488258031183,KR,35.907757,127.766922,South Korea
101,KWT,0.525743161542039,KW,29.31166,47.481766,Kuwait
102,KGZ,0.573528062546728,KG,41.20438,74.766098,Kyrgyzstan
103,LAO,0.16574434767629295,LA,19.85627,102.495496,Laos
104,LVA,0.49264216070155603,LV,56.879635,24.603189,Latvia
105,LBN,0.5236807465512094,LB,33.854721,35.862285,Lebanon
106,LSO,0.5172532242635378,LS,-29.609988,28.233608,Lesotho
107,LBR,0.6644563125521324,LR,6.428055,-9.429499,Liberia
108,LBY,0.5271287468454743,LY,26.3351,17.228331,Libya
109,LIE,0.5271287468454743,LI,47.166,9.555373,Liechtenstein
110,LTU,0.49111000328488713,LT,55.169438,23.881275,Lithuania
111,LUX,0.5271287468454743,LU,49.815273,6.129583,Luxembourg
112,MAC,,MO,22.198745,113.543873,Macau
113,MKD,0.4935902844400225,MK,41.608635,21.745275,Macedonia [FYROM]
114,MDG,0.5525412333232054,MG,-18.766947,46.869107,Madagascar
115,MWI,0.6393679588002024,MW,-13.254308,34.301525,Malawi
116,MYS,0.38321301360756066,MY,4.210484,101.975766,Malaysia
117,MDV,0.5271287468454743,MV,3.202778,73.22068,Maldives
118,MLI,0.5556752272892398,ML,17.570692,-3.996166,Mali
119,MLT,0.5271287468454743,MT,35.937496,14.375416,Malta
120,MHL,0.5271287468454743,MH,7.131474,171.184478,Marshall Islands
121,MRT,0.5288826456077506,MR,21.00789,-10.940835,Mauritania
122,MUS,0.5184408052173181,MU,-20.348404,57.552152,Mauritius
123,MEX,0.5502092328194428,MX,23.634501,-102.552784,Mexico
124,FSM,0.5094922253403206,FM,7.425554,150.550812,Micronesia
125,MDA,0.4651365783954401,MD,47.411631,28.369885,Moldova
126,MCO,0.5271287468454743,MC,43.750298,7.412841,Monaco
127,MNG,0.5043877649206545,MN,46.862496,103.846656,Mongolia
128,MNE,0.0,ME,42.708678,19.37439,Montenegro
129,MAR,0.5104524930359837,MA,31.791702,-7.09262,Morocco
130,MOZ,0.6462186641785248,MZ,-18.665695,35.529562,Mozambique
131,MMR,0.8305310642404204,MM,21.913965,95.956223,Myanmar [Burma]
132,NPL,0.5271287468454743,NP,28.394857,84.124008,Nepal
133,NLD,0.5114516726520375,NL,52.132633,5.291266,Netherlands
134,NCL,0.5271287468454743,NC,-20.904305,165.618042,New Caledonia
135,NZL,0.5312145309471499,NZ,-40.900557,174.885971,New Zealand
136,NIC,0.6297177866793432,NI,12.865416,-85.207229,Nicaragua
137,NER,0.5314449398403409,NE,17.607789,8.081666,Niger
138,NGA,0.7254202806166498,NG,9.081999,8.675277,Nigeria
139,MNP,0.6843238298261918,MP,17.33083,145.38469,Northern Mariana Islands
140,NOR,0.5247144055806853,NO,60.472024,8.468946,Norway
141,OMN,0.5271287468454743,OM,21.512583,55.923255,Oman
142,PAK,0.5517230554512753,PK,30.375321,69.345116,Pakistan
143,PLW,0.5271287468454743,PW,7.51498,134.58252,Palau
144,PAN,0.6248721805302077,PA,8.537981,-80.782127,Panama
145,PNG,0.5297769901488181,PG,-6.314993,143.95555,Papua New Guinea
146,PRY,0.879193312809161,PY,-23.442503,-58.443832,Paraguay
147,PER,0.5815263928629318,PE,-9.189967,-75.015152,Peru
148,PHL,0.3418734047448576,PH,12.879721,121.774017,Philippines
149,POL,0.49316832775564884,PL,51.919438,19.145136,Poland
150,PRT,0.5864650244580735,PT,39.399872,-8.224454,Portugal
151,PRI,0.3626935350668774,PR,18.220833,-66.590149,Puerto Rico
152,QAT,0.5271287468454743,QA,25.354826,51.183884,Qatar
153,ROM,0.429931964691954,RO,45.943161,24.96676,Romania
154,RUS,0.5141240108950668,RU,61.52401,105.318756,Russia
155,RWA,0.3669917052097131,RW,-1.940278,29.873888,Rwanda
156,WSM,0.5271287468454743,WS,-13.759029,-172.104629,Samoa
157,SMR,0.5271287468454743,SM,43.94236,12.457777,San Marino
158,STP,0.6153113543712413,ST,0.18636,6.613081,S?o Tom? and Pr?ncipe
159,SAU,0.5271287468454743,SA,23.885942,45.079162,Saudi Arabia
160,SEN,0.6187327644279469,SN,14.497401,-14.452362,Senegal
161,SRB,0.42731079412364653,RS,44.016521,21.005859,Serbia
162,SYC,0.4414530027443542,SC,-4.679574,55.491977,Seychelles
163,SLE,0.34191839354946296,SL,8.460555,-11.779889,Sierra Leone
164,SGP,0.5475217543850316,SG,1.352083,103.819836,Singapore
165,SVK,0.5200081156071006,SK,48.669026,19.699024,Slovakia
166,SVN,0.5174960886251883,SI,46.151241,14.995463,Slovenia
167,SLB,0.6153428594114485,SB,-9.64571,160.156194,Solomon Islands
168,SOM,0.5811060498867225,SO,5.152149,46.199616,Somalia
169,ZAF,0.5271287468454743,ZA,-30.559482,22.937506,South Africa
170,ESP,0.4499219653905333,ES,40.463667,-3.74922,Spain
171,LKA,0.5634086268353493,LK,7.873054,80.771797,Sri Lanka
172,KNA,0.5271287468454743,KN,17.357822,-62.782998,Saint Kitts and Nevis
173,LCA,0.5704972423499477,LC,13.909444,-60.978893,Saint Lucia
174,VCT,0.436685046819048,VC,12.984305,-61.287228,Saint Vincent and the Grenadines
175,SDN,0.8251187841379474,SD,12.862807,30.217636,Sudan
176,SUR,0.5380950454736819,SR,3.919305,-56.027783,Suriname
177,SWZ,0.4112609020732448,SZ,-26.522503,31.465866,Swaziland
178,SWE,0.4951614079223156,SE,60.128161,18.643501,Sweden
179,CHE,0.48562159784306685,CH,46.818188,8.227512,Switzerland
180,SYR,0.5213535934725693,SY,34.802075,38.996815,Syria
181,TJK,0.5263726799046996,TJ,38.861034,71.276093,Tajikistan
182,TZA,0.7178691803737752,TZ,-6.369028,34.888822,Tanzania
183,THA,0.5013069102742855,TH,15.870032,100.992541,Thailand
184,BHS,0.5271287468454743,BS,25.03428,-77.39628,Bahamas
185,GMB,0.4539336971205202,GM,13.443182,-15.310139,Gambia
186,TMP,0.8592219560884501,TL,-8.874217,125.727539,Timor-Leste
187,TGO,0.6876376298212226,TG,8.619543,0.824782,Togo
188,TON,0.5271287468454743,TO,-21.178986,-175.198242,Tonga
189,TTO,0.4685122377493961,TT,10.691803,-61.222503,Trinidad and Tobago
190,TUN,0.4927320809336464,TN,33.886917,9.537499,Tunisia
191,TUR,0.46713574592231744,TR,38.963745,35.243322,Turkey
192,TKM,0.5271287468454743,TM,38.969719,59.556278,Turkmenistan
193,TCA,0.5271287468454743,TC,21.694025,-71.797928,Turks and Caicos Islands
194,TUV,0.5271287468454743,TV,-7.109535,177.64933,Tuvalu
195,UGA,0.8291375878008443,UG,1.373333,32.290275,Uganda
196,UKR,0.5188176746040365,UA,48.379433,31.16558,Ukraine
197,ARE,0.5215382226841511,AE,23.424076,53.847818,United Arab Emirates
198,GBR,0.5029990869512659,GB,55.378051,-3.435973,United Kingdom
199,USA,0.5038940292247016,US,37.09024,-95.712891,United States
200,URY,0.45053452906426406,UY,-32.522779,-55.765835,Uruguay
201,UZB,0.5356609427217331,UZ,41.377491,64.585262,Uzbekistan
202,VUT,0.5271287468454743,VU,-15.376706,166.959158,Vanuatu
203,VEN,0.584754113863051,VE,6.42375,-66.58973,Venezuela
204,VNM,0.297507573186933,VN,14.058324,108.277199,Vietnam
205,VIR,0.6707404219588643,VI,18.335765,-64.896335,U.S. Virgin Islands
206,WBG,0.5271287468454743,PS,31.952162,35.233154,Palestinian Territories
207,YEM,0.5271287468454743,YE,15.552727,48.516388,Yemen
208,ZMB,0.6259410957726378,ZM,-13.133897,27.849332,Zambia
209,ZWE,0.8898434039347873,ZW,-19.015438,29.154857,Zimbabwe
